{
  "name": "espresso-events-frontend",
  "private": true,
  "version": "0.0.0",
  "type": "module",
  "scripts": {
    "dev": "vite",
    "build": "tsc && vite build",
    "lint": "eslint . --ext ts,tsx --report-unused-disable-directives --max-warnings 0",
    "preview": "vite preview"
  },
  "dependencies": {
    "react": "^18.2.0",
    "react-dom": "^18.2.0",
    "react-leaflet": "^4.2.1",
    "leaflet": "^1.9.4",
    "@supabase/supabase-js": "^2.39.3",
    "react-hook-form": "^7.48.2",
    "@hookform/resolvers": "^3.3.2",
    "zod": "^3.22.4",
    "lucide-react": "^0.294.0",
    "@radix-ui/react-dialog": "^1.0.5",
    "@radix-ui/react-dropdown-menu": "^2.0.6",
    "@radix-ui/react-label": "^2.0.2",
    "@radix-ui/react-popover": "^1.0.7",
    "@radix-ui/react-select": "^2.0.0",
    "@radix-ui/react-tabs": "^1.0.4",
    "@radix-ui/react-slot": "^1.0.2",
    "class-variance-authority": "^0.7.0",
    "clsx": "^2.0.0",
    "tailwind-merge": "^2.2.0",
    "tailwindcss-animate": "^1.0.7"
  },
  "devDependencies": {
    "@types/react": "^18.2.43",
    "@types/react-dom": "^18.2.17",
    "@types/leaflet": "^1.9.8",
    "@types/node": "^20.10.5",
    "@typescript-eslint/eslint-plugin": "^6.14.0",
    "@typescript-eslint/parser": "^6.14.0",
    "@vitejs/plugin-react": "^4.2.1",
    "autoprefixer": "^10.4.16",
    "eslint": "^8.55.0",
    "eslint-plugin-react-hooks": "^4.6.0",
    "eslint-plugin-react-refresh": "^0.4.5",
    "postcss": "^8.4.32",
    "tailwindcss": "^3.4.0",
    "typescript": "^5.2.2",
    "vite": "^5.0.8"
  }
}
